country,epgshare_id,epgshare_name,candidate_tvg_id,candidate_key,score
uk,Sky.One.HD.uk,Sky One HD,SkyNewsWeather.uk@SD,skynewsweather,81.81818181818181
uk,WION.HD.uk,WION HD,BeyondBeliefFactorFiction.us@UK,beyondbelieffactorfiction,77.14285714285715
uk,Adult.Channel.uk,Adult Channel,ChannelS.uk@SD,channels,84.0
uk,E4.Extra.uk,E4 Extra,QVCExtra.uk@SD,qvcextra,66.66666666666667
uk,TNT.Sports.4.HD.uk,TNT Sports 4 HD,S4C.uk@SD,s4c,72.0
uk,BBC.R.Cymru.uk,BBC R Cymru,BBCUHD1.uk@SD,bbc1,77.14285714285715
uk,Food.Network.uk,Food Network,MyTimeMovieNetwork.uk@SD,mytimemovienetwork,70.00000000000001
uk,TNT.Sports.8.HD.uk,TNT Sports 8 HD,TBNUK.uk@SD,tbn,72.0
uk,BBC.R.Cymru.2.uk,BBC R Cymru 2,BBCUHD1.uk@SD,bbc1,77.14285714285715
uk,STV.North.uk,STV North,BBCTwo.uk@NorthernIreland,bbctwonorthernireland,67.5
uk,LBC.uk,LBC,BBCThreeCBBC.uk@HD,bbcthreecbbc,72.0
uk,TNT.Sports.7.HD.uk,TNT Sports 7 HD,TBNUK.uk@SD,tbn,72.0
uk,TNT.Sport.BoxOffice.HD.uk,TNT Sport BoxOffice HD,TBNUK.uk@SD,tbn,72.0
uk,Iran.Intl.HD.uk,Iran Intl HD,IranInternational.uk@SD,iraninternational,84.0
uk,ITV4.HD.uk,ITV4 HD,KanshiTV.uk@SD,kanshitv,77.14285714285715
uk,PCNE.Chinese.HD.uk,PCNE Chinese HD,CNBCUK.uk@SD,cnbc,67.5
uk,PCNE.Chinese.uk,PCNE Chinese,CNBCUK.uk@SD,cnbc,67.5
uk,Good.News.TV.uk,Good News TV,GODTV.uk@SD,godtv,66.66666666666667
uk,SkySp.F1.HD.uk,SkySp F1 HD,SkySportsCricket.uk@HD,skysportscricket,75.00000000000001
uk,TNT.Sports.Box.Office.2.uk,TNT Sports Box Office 2,TBNUK.uk@SD,tbn,72.0
uk,Sky.History+1.uk,Sky History+1,AutenticHistory.de@SD,autentichistory,74.11764705882352
uk,SkySp.F1.uk,SkySp F1,SkySportsCricket.uk@HD,skysportscricket,75.00000000000001
uk,BBC.R.n.Gael.uk,BBC R n Gael,BBCUHD1.uk@SD,bbc1,77.14285714285715
uk,TRT.World.HD.uk,TRT World HD,MTA1World.uk@SD,mta1world,70.58823529411764
uk,RTÉ.R.na.G.uk,RTÉ R na G,JAG.de@GB,jag,72.0
uk,Film4.HD.uk,Film4 HD,PlutoTVCultFilms.de@GB,plutotvcultfilms,72.0
uk,BBC.Radio.Bristol.94.9FM.uk,BBC Radio Bristol 94.9FM,BBCUHD1.uk@SD,bbc1,77.14285714285715
uk,Jazz.FM.uk,Jazz FM,JAG.de@GB,jag,72.0
uk,Thats.Melody.uk,Thats Melody,ThatsTV.uk@SD,thatstv,75.00000000000001
uk,GREAT!action+1.uk,GREAT!action+1,IonTV.uk@SD,iontv,67.5
uk,Heart.80s.uk,Heart 80s,Thats80s.uk@SD,thats80s,75.0
uk,BabyTV.uk,BabyTV,AhlulbaytTV.uk@SD,ahlulbayttv,75.00000000000001
uk,A1TV.uk,A1TV,BritAsiaTV.uk@HD,britasiatv,77.14285714285715
uk,TNTSBoxOff2HD.uk,TNTSBoxOff2HD,TBNUK.uk@SD,tbn,72.0
uk,B4U.Movies.uk,B4U Movies,PlutoTVComedyMovies.de@GB,plutotvcomedymovies,72.0
uk,Sky.Crime.HD.uk,Sky Crime HD,PlutoTVAmericanTrueCrime.de@GB,plutotvamericantruecrime,69.23076923076923
uk,Vox.Africa.uk,Vox Africa,NollyAfrica.uk@SD,nollyafrica,70.0
uk,Venus.TV.uk,Venus TV,MUTV.uk@SD,mutv,67.5
uk,Sky.Cinema.Select.uk,Sky Cinema Select,SkyMix.uk@HD,skymix,65.45454545454547
uk,Legend.Xtra+1.uk,Legend Xtra+1,TraceUK.uk@HD,trace,67.5
uk,TNT.Sports.9.HD.uk,TNT Sports 9 HD,TBNUK.uk@SD,tbn,72.0
uk,Islam.TV.uk,Islam TV,MUTV.uk@SD,mutv,77.14285714285715
uk,BBC.Radio.Bristol.104.6FM.uk,BBC Radio Bristol 104.6FM,BBCUHD1.uk@SD,bbc1,77.14285714285715
uk,U.and.Drama.uk,U and Drama,Andromeda.us@UK,andromeda,66.66666666666667
uk,BBC.R4.LW.uk,BBC R4 LW,BBCUHD1.uk@SD,bbc1,77.14285714285715
uk,TNT.Sports.6.HD.uk,TNT Sports 6 HD,TBNUK.uk@SD,tbn,72.0
uk,Sky.Cinema.Hits.HD.uk,Sky Cinema Hits HD,SkyMix.uk@HD,skymix,65.45454545454547
uk,Film4+1.uk,Film4+1,PlutoTVCultFilms.de@GB,plutotvcultfilms,72.0
uk,FRANCE.24.HD.uk,FRANCE 24 HD,TraceUK.uk@HD,trace,72.0
uk,Box.Hits.uk,Box Hits,XITEHits.nl@UK,xitehits,66.66666666666667
uk,Arise.News.uk,Arise News,GBNews.uk@SD,gbnews,72.0
uk,KICC.TV.uk,KICC TV,HellenicTV.uk@SD,hellenictv,72.0
uk,revelation.uk,revelation,MrBeanLiveAction.uk@SD,mrbeanliveaction,70.00000000000001
uk,SkySp.Golf.HD.uk,SkySp Golf HD,SkySportsCricket.uk@HD,skysportscricket,72.0
uk,Greatest.Hits.Radio.(West.Sussex).uk,Greatest Hits Radio (West Sussex),GREATmovies.uk@UK,greatmovies,70.00000000000001
uk,Sky.Adventure.uk,Sky Adventure,SkyNature.uk@SD,skynature,76.19047619047619
uk,Sky.Cinema.Comedy.uk,Sky Cinema Comedy,SkyMix.uk@HD,skymix,65.45454545454547
uk,NDTV.24x7.uk,NDTV 24x7,ITV2.uk@HD,itv2,67.5
uk,BBC.R5L.uk,BBC R5L,BBCUHD1.uk@SD,bbc1,77.14285714285715
uk,QUEST.uk,QUEST,QwestTVJazzBeyond.fr@SD,qwesttvjazzbeyond,72.0
uk,Sky.Family.HD.uk,Sky Family HD,ENTFamily.uk@HD,entfamily,66.66666666666667
uk,GEO.TV.uk,GEO TV,GODTV.uk@SD,godtv,80.0
uk,TVC.News.uk,TVC News,BBCNews.uk@UK,bbcnews,71.42857142857143
uk,TLC+1.uk,TLC+1,TJC.uk@SD,tjc,66.66666666666667
uk,Aastha.uk,Aastha,AathavanTV.uk@SD,aathavantv,81.81818181818181
uk,Babenation.uk,Babenation,IonTV.uk@SD,iontv,67.5
uk,Classic.Rock.uk,Classic Rock,NOWRock.uk@SD,nowrock,65.45454545454547
uk,ComedyXtra.uk,ComedyXtra,TraceUK.uk@HD,trace,67.5
uk,BBC.R1X.uk,BBC R1X,BBCRedButton1.uk@SD,bbcrb1,83.33333333333334
uk,True.Crime.Xtra.uk,True Crime Xtra,TrueCrime.uk@SD,truecrime,81.81818181818181
uk,SkySp.News.HD.uk,SkySp News HD,SkyNewsWeather.uk@SD,skynewsweather,78.75
uk,Legend.Xtra.uk,Legend Xtra,TraceUK.uk@HD,trace,67.5
uk,ITV.Quiz.uk,ITV Quiz,ITV2.uk@HD,itv2,77.14285714285715
uk,Racing.TV.HD.uk,Racing TV HD,IonTV.uk@SD,iontv,72.0
uk,TNT.Sports.10.HD.uk,TNT Sports 10 HD,TBNUK.uk@SD,tbn,72.0
uk,Direct.Store.TV.uk,Direct Store TV,DerTV.uk@SD,dertv,67.5
uk,U.and.Gold.uk,Gold,FaithWorldTV.uk@SD,faithworldtv,67.5
uk,Disc.History+1.uk,Disc.History+1,AutenticHistory.de@SD,autentichistory,69.23076923076923
uk,Madani.Chnl.uk,Madani Chnl,EmanChannel.uk@SD,emanchannel,66.66666666666667
uk,GREAT!.action.uk,GREAT! action,IonTV.uk@SD,iontv,67.5
uk,Capital.XTRA.uk,Capital XTRA,TraceUK.uk@HD,trace,67.5
uk,TNT.Sports.Ultimate.HD.uk,TNT Sports Ultimate HD,TBNUK.uk@SD,tbn,72.0
uk,U.and.Drama+1.uk,U and Drama+1,Andromeda.us@UK,andromeda,66.66666666666667
uk,GREAT!.tv.uk,GREAT! tv,GREATmovies.uk@UK,greatmovies,75.00000000000001
uk,Foodxp.uk,Foodxp,PlutoTVFood.de@GB,plutotvfood,72.0
uk,GEO.News.uk,GEO News,GBNews.uk@SD,gbnews,76.92307692307692
uk,Xpanded.TV.uk,Xpanded TV,DerTV.uk@SD,dertv,72.0
uk,Smooth.uk,Smooth,BBCOne.uk@South,bbconesouth,65.45454545454547
uk,TNT.Sports.1.HD.uk,TNT Sports 1 HD,TBNUK.uk@SD,tbn,72.0
uk,HGTV+1.uk,HGTV+1,ClubbingTV.us@UK,clubbingtv,77.14285714285715
uk,ITV3+1.uk,ITV3+1,KanshiTV.uk@SD,kanshitv,77.14285714285715
uk,ITV1+1.uk,ITV1+1,KanshiTV.uk@SD,kanshitv,77.14285714285715
uk,BBC.R.Scot..uk,BBC R Scot.,BBCUHD1.uk@SD,bbc1,77.14285714285715
uk,NOW.90s.uk,NOW 90s,Now70s.uk@SD,now70s,83.33333333333334
uk,Sky.Kids.HD.uk,Sky Kids HD,MoonbugKids.uk@SD,moonbugkids,65.45454545454547
uk,Movies24.uk,Movies24,PlutoTVComedyMovies.de@GB,plutotvcomedymovies,77.14285714285715
uk,Crime+Inv.HD.uk,Crime+Inv HD,PlutoTVAmericanTrueCrime.de@GB,plutotvamericantruecrime,69.23076923076923
uk,TNT.Sports.3.HD.uk,TNT Sports 3 HD,TBNUK.uk@SD,tbn,72.0
uk,Forces.TV.uk,Forces TV,TalkingPicturesTV.uk@SD,talkingpicturestv,69.23076923076923
uk,GREAT!.tv+1.uk,GREAT! tv+1,GREATmovies.uk@UK,greatmovies,75.00000000000001
uk,5STAR+1.uk,5STAR+1,StarVijay.in@UK,starvijay,80.0
uk,Pitaara..uk,Pitaara ,ParanormalState.us@UK,paranormalstate,65.45454545454547
uk,SkySp.Golf.uk,SkySp Golf,SkySportsCricket.uk@HD,skysportscricket,72.0
uk,The.Craft.Store.uk,The Craft Store,SoReal.us@UK,soreal,65.45454545454547
uk,SkyMegaHitsHD.uk,SkyMegaHitsHD,SkyMix.uk@HD,skymix,72.0
uk,5.USA.uk,5 USA,UtsavBharat.uk@SD,utsavbharat,67.5
uk,Utsav.GOLD.uk,Utsav GOLD,UtsavPlus.uk@SD,utsavplus,66.66666666666667
uk,High.Street.TV.2.uk,High Street TV 2,ITV2.uk@HD,itv2,77.14285714285715
uk,EarthxTV.HD.uk,EarthxTV HD,AdventureEarth.de@SD,adventureearth,69.23076923076923
uk,TRT.World.uk,TRT World,MTA1World.uk@SD,mta1world,70.58823529411764
uk,SkySp.Action.uk,SkySp Action,IonTV.uk@SD,iontv,67.5
uk,Sky.Sci-Fi.HD.uk,Sky Sci-Fi HD,PlutoTVSciFi.de@GB,plutotvscifi,69.23076923076923
uk,BBC.R5SX.uk,BBC R5SX,BBCUHD1.uk@SD,bbc1,77.14285714285715
uk,BBC.Radio.Sussex.uk,BBC Radio Sussex,BBCUHD1.uk@SD,bbc1,77.14285714285715
uk,NOW.90s00s.uk,NOW 90s00s,Now70s.uk@SD,now70s,75.00000000000001
uk,U.and.Real.Heroes.uk,U and Real Heroes,Andromeda.us@UK,andromeda,67.5
uk,BBC.Asian.uk,BBC Asian,BBCPersian.uk@SD,bbcpersian,77.77777777777779
uk,Word.Network.uk,Word Network,MyTimeMovieNetwork.uk@SD,mytimemovienetwork,70.00000000000001
uk,TLC.HD.uk,TLC HD,TJC.uk@SD,tjc,66.66666666666667
uk,PBS.America.uk,PBS America,MTA8America.uk@SD,mta8america,66.66666666666667
uk,SkyHistory2HD.uk,SkyHistory2HD,SkyMix.uk@HD,skymix,65.45454545454547
uk,SkySp.PL.HD.uk,SkySp PL HD,SkySportsCricket.uk@HD,skysportscricket,75.00000000000001
uk,GINXeSportsTV.uk,GINXeSportsTV,ThatsTV.uk@SD,thatstv,65.45454545454547
uk,TNT.Sports.2.HD.uk,TNT Sports 2 HD,TBNUK.uk@SD,tbn,72.0
uk,HUM.EUROPE.uk,HUM EUROPE,MTA2Europe.uk@SD,mta2europe,73.6842105263158
uk,Virgin.Media.Four.HD.uk,Virgin Media Four HD,BBCFour.uk@UK,bbcfour,65.45454545454547
uk,CHSTV.uk,CHSTV,AutenticHistory.de@SD,autentichistory,72.0
uk,Sky.Witness.HD.uk,Sky Witness HD,SkyMix.uk@HD,skymix,65.45454545454547
uk,WildEarth.uk,WildEarth,WildatHeart.us@UK,wildatheart,80.0
uk,TNT.Sports.5.HD.uk,TNT Sports 5 HD,TBNUK.uk@SD,tbn,72.0
uk,More4.HD.uk,More4 HD,MoreTVCrime.de@GB,moretvcrime,80.0
uk,Virgin.Media.Three.uk,Virgin Media Three,BBCThree.uk@SD,bbcthree,69.23076923076923
uk,Ahlebait.TV.uk,Ahlebait TV,AhlulbaytTV.uk@SD,ahlulbayttv,76.19047619047619
uk,Sky.History2.uk,Sky History2,SkyMix.uk@HD,skymix,65.45454545454547
uk,U.and.W+1.uk,U and W+1,Andromeda.us@UK,andromeda,67.5
uk,Disc.History.uk,Disc.History,AutenticHistory.de@SD,autentichistory,69.23076923076923
uk,MTV.80s.uk,MTV 80s,MUTV.uk@SD,mutv,77.14285714285715
uk,ROK.uk,ROK,MyTimeMovieNetwork.uk@SD,mytimemovienetwork,72.0
uk,More4+1.uk,More4+1,MoreTVCrime.de@GB,moretvcrime,80.0
uk,MATV.National.uk,MATV National,IranInternational.uk@SD,iraninternational,68.96551724137932
uk,LFCTV.HD.uk,LFCTV HD,HellenicTV.uk@SD,hellenictv,67.5
uk,TWR.uk,TWR,TraceUK.uk@HD,trace,72.0
uk,U.and.alibi.HD.uk,U and alibi HD,UAlibi.uk@SD,ualibi,81.81818181818181
uk,Zee.TV.HD.uk,Zee TV HD,DeenTV.uk@SD,deentv,72.72727272727273
uk,Sky.Crime+1.uk,Sky Crime+1,PlutoTVAmericanTrueCrime.de@GB,plutotvamericantruecrime,69.23076923076923
uk,Sky.Witness+1.uk,Sky Witness+1,SkyMix.uk@HD,skymix,65.45454545454547
uk,GOD.Channel.uk,GOD Channel,ChannelS.uk@SD,channels,77.77777777777779
uk,SkyNewsArabia.uk,SkyNewsArabia,SkyNewsWeather.uk@SD,skynewsweather,66.66666666666667
uk,Sikh.Channel.uk,Sikh Channel,ChannelS.uk@SD,channels,73.6842105263158
uk,Arirang.TV.HD.uk,Arirang TV HD,GODTV.uk@SD,godtv,67.5
uk,BBC.6.Music.uk,BBC 6 Music,BBCUHD1.uk@SD,bbc1,77.14285714285715
uk,Nick.Jr..HD.uk,Nick Jr. HD,Nickelodeon.uk@SD,nickelodeon,72.0
uk,ITV4+1.uk,ITV4+1,KanshiTV.uk@SD,kanshitv,77.14285714285715
uk,Spotlight.TV.uk,Spotlight TV,ThatsTV.uk@SD,thatstv,65.45454545454547
uk,STV.Central.uk,STV Central,QVCExtra.uk@SD,qvcextra,66.66666666666667
uk,Virgin.Media.One.HD.uk,Virgin Media One HD,TVOne.uk@SD,tvone,67.5
uk,ITV1.HD.uk,ITV1 HD,KanshiTV.uk@SD,kanshitv,77.14285714285715
uk,Browse.Shop.uk,Browse Shop,Pop.uk@SD,pop,72.0
uk,ITV3.HD.uk,ITV3 HD,KanshiTV.uk@SD,kanshitv,77.14285714285715
uk,Really.uk,Really,SoReal.us@UK,soreal,66.66666666666667
uk,BBC.R.Wales.uk,BBC R Wales,BBCOne.uk@Wales,bbconewales,80.0
uk,Clubland.TV.uk,Clubland TV,ClubbingTV.us@UK,clubbingtv,70.0
uk,Sky.Action.HD.uk,Sky Action HD,PlutoTV80sAction.de@GB,plutotv80saction,78.75
uk,B4U.Music.uk,B4U Music,VantageMusic.ee@UK,vantagemusic,69.23076923076923
uk,QUEST.HD.uk,QUEST HD,QwestTVJazzBeyond.fr@SD,qwesttvjazzbeyond,72.0
uk,Travelxp.uk,Travelxp,AutenticTravel.de@SD,autentictravel,77.14285714285715
uk,BBC.R4.Ex.uk,BBC R4 Ex,BBCUHD1.uk@SD,bbc1,77.14285714285715
uk,POLITICSPUNJAB.uk,POLITICSPUNJAB,Pop.uk@SD,pop,72.0
uk,U.and.W.HD.uk,U and W HD,Andromeda.us@UK,andromeda,67.5
uk,The.Box.uk,The Box,DogtheBountyHunter.us@UK,dogthebountyhunter,75.00000000000001
uk,QUEST+1.uk,QUEST+1,QwestTVJazzBeyond.fr@SD,qwesttvjazzbeyond,72.0
uk,HGTV.uk,HGTV,ClubbingTV.us@UK,clubbingtv,77.14285714285715
uk,SkyAdventureHD.uk,SkyAdventureHD,AdventureEarth.de@SD,adventureearth,71.42857142857143
uk,Sky.Drama.HD.uk,Sky Drama HD,PlutoTVCrimeDrama.de@GB,plutotvcrimedrama,69.23076923076923
uk,BBC.WS.uk,BBC WS,BBCNews.uk@UK,bbcnews,83.33333333333334
uk,Ideal.Extra.uk,Ideal Extra,TraceUK.uk@HD,trace,67.5
uk,4seven.uk,4seven,HighwaytoHeaven.us@UK,highwaytoheaven,65.45454545454547
uk,Utsav.Gold.HD.uk,Utsav Gold HD,UtsavPlus.uk@SD,utsavplus,66.66666666666667
uk,BBC.RLondon.uk,BBC RLondon,BBCOne.uk@London,bbconelondon,81.81818181818181
uk,Craft.Extra.uk,Craft Extra,TraceUK.uk@HD,trace,67.5
uk,G!.romance+1.uk,G! romance+1,GREATromance.uk@UK,greatromance,84.0
uk,BBC.Radio.Bristol.DAB.uk,BBC Radio Bristol DAB,BBCUHD1.uk@SD,bbc1,77.14285714285715
uk,NHK.World.HD.uk,NHK World HD,WorldPokerTour.us@UK,worldpokertour,69.23076923076923
uk,5STAR.uk,5STAR,StarVijay.in@UK,starvijay,80.0
uk,SONY.TV.HD.uk,SONY TV HD,IonTV.uk@SD,iontv,72.72727272727273
uk,Dunamis.TV.uk,Dunamis TV,ITV2.uk@HD,itv2,67.5
uk,Nick.Jr+1.uk,Nick Jr+1,Nickelodeon.uk@SD,nickelodeon,72.0
uk,Crime+Inv+1.uk,Crime+Inv+1,PlutoTVAmericanTrueCrime.de@GB,plutotvamericantruecrime,69.23076923076923
uk,5ACTION.uk,5ACTION,MrBeanLiveAction.uk@SD,mrbeanliveaction,83.07692307692308
uk,Classic.FM.uk,Classic FM,PlutoTVClassicTV.de@GB,plutotvclassictv,70.00000000000001
uk,CITV.uk,CITV,HellenicTV.uk@SD,hellenictv,77.14285714285715
uk,Greatest.Hits.uk,Greatest Hits,XITEHits.nl@UK,xitehits,69.23076923076923
uk,Movies24+.uk,Movies24+,PlutoTVComedyMovies.de@GB,plutotvcomedymovies,77.14285714285715
uk,Channel.44.uk,Channel 44,ChannelS.uk@SD,channels,82.35294117647058
uk,TNT.Sports.Box.Office.uk,TNT Sports Box Office,TBNUK.uk@SD,tbn,72.0
uk,Racing.TV.uk,Racing TV,IonTV.uk@SD,iontv,72.0
uk,TCM.Movies+1.uk,TCM Movies+1,RakutenTVDramaMovies.es@UK,rakutentvdramamovies,74.11764705882352
uk,Cartoonito.uk,Cartoonito,KTO.fr@SD,kto,72.0
uk,mta-muslim.tv.uk,mta-muslim tv,MUTV.uk@SD,mutv,77.14285714285715
uk,Sky.HistoryHD.uk,Sky HistoryHD,SkyMix.uk@HD,skymix,65.45454545454547
uk,92.News.uk,92 News,DunyaNewsUK.uk@SD,dunyanews,72.0
uk,Al.Jazeera.HD.uk,Al Jazeera HD,Blaze.uk@SD,blaze,72.0
uk,BBC.R4.FM.uk,BBC R4 FM,BBCUHD1.uk@SD,bbc1,77.14285714285715
uk,BBC.R.Foyle.uk,BBC R Foyle,BBCUHD1.uk@SD,bbc1,77.14285714285715
uk,Zee.Cinema.uk,Zee Cinema,ZeeOne.uk@UK,zeeone,66.66666666666667
uk,BBC.R.Ulster.uk,BBC R Ulster,BBCUHD1.uk@SD,bbc1,77.14285714285715
uk,Sky.Arts.HD.uk,Sky Arts HD,SkySportsCricket.uk@HD,skysportscricket,65.45454545454547
uk,Sky.Action.uk,Sky Action,PlutoTV80sAction.de@GB,plutotv80saction,78.75
uk,5USA+1.uk,5USA+1,UtsavBharat.uk@SD,utsavbharat,67.5
ie,RTE.One.HD.ie,RTE One HD,TheNewDetectives.de@GB,thenewdetectives,65.45454545454547
ie,BBC1.HD.ie,BBC1 HD,BBCFourCBeebies.uk@HD,bbcfourcbeebies,77.14285714285715
ie,BBC.TWO.HD.ie,BBC TWO HD,BBCThreeCBBC.uk@HD,bbcthreecbbc,72.0
ie,More4.ie,More4,MoreTVCrime.de@GB,moretvcrime,80.0
ie,SKY.One.HD.ie,SKY One HD,SkyNews.ie@SD,skynews,76.92307692307692
ie,Sky.Witness.HD.ie,Sky Witness HD,SkyNews.ie@SD,skynews,70.58823529411764
ie,Sky.Crime.HD.ie,Sky Crime HD,PlutoTVAmericanTrueCrime.de@GB,plutotvamericantruecrime,69.23076923076923
ie,Sky.Arts.HD.ie,Sky Arts HD,SkySportsF1.ie@SD,skysportsf1,66.66666666666667
ie,Sky.Sci-Fi.HD.ie,Sky Sci-Fi HD,PlutoTVSciFi.de@GB,plutotvscifi,69.23076923076923
ie,Sky.History.HD.ie,Sky History HD,SkyMix.uk@HD,skymix,65.45454545454547
ie,ITV3.ie,ITV3,PlutoTVClassicTV.de@GB,plutotvclassictv,67.5
ie,ITV4.ie,ITV4,PlutoTVClassicTV.de@GB,plutotvclassictv,67.5
ie,True.Crime.Xtra.ie,True Crime Xtra,TrueCrime.uk@SD,truecrime,81.81818181818181
ie,U&Drama.ie,U&Drama,PlutoTVCrimeDrama.de@GB,plutotvcrimedrama,81.81818181818181
ie,Crime.&.Investigation.HD.ie,Crime & Investigation HD,CSICrimeSceneInvestigation.de@GB,csicrimesceneinvestigation,81.81818181818181
ie,CNN.HD.ie,CNN HD,OireachtasTVDailEireann.ie@SD,oireachtastvdilireann,72.0
ie,Sky.History.2.ie,Sky History 2,SkyMix.uk@HD,skymix,65.45454545454547
ie,Blaze.ie,Blaze,MissionImpossible.de@GB,missionimpossible,67.5
ie,Sky.Hits.HD.ie,Sky Hits HD,SkySportsF1.ie@SD,skysportsf1,65.45454545454547
ie,Sky.Family.HD.ie,Sky Family HD,SkyMix.uk@HD,skymix,66.66666666666667
ie,Sky.Horror.HD.ie,Sky Horror HD,PlutoTVFantasyHorror.de@GB,plutotvfantasyhorror,84.70588235294117
ie,Sky.Cinema.Comedy.HD.ie,Sky Cinema Comedy HD,SkyMix.uk@HD,skymix,65.45454545454547
ie,Sky.Drama.HD.ie,Sky Drama HD,PlutoTVCrimeDrama.de@GB,plutotvcrimedrama,69.23076923076923
ie,Sky.Action.HD.ie,Sky Action HD,PlutoTV80sAction.de@GB,plutotv80saction,78.75
ie,Sky.Hits.ie,Sky Hits,SkySportsF1.ie@SD,skysportsf1,65.45454545454547
ie,Sky.Family.ie,Sky Family,SkyMix.uk@HD,skymix,66.66666666666667
ie,Sky.Horror.ie,Sky Horror,PlutoTVFantasyHorror.de@GB,plutotvfantasyhorror,84.70588235294117
ie,Sky.Cinema.Comedy.ie,Sky Cinema Comedy,SkyMix.uk@HD,skymix,65.45454545454547
ie,Sky.Drama.ie,Sky Drama,PlutoTVCrimeDrama.de@GB,plutotvcrimedrama,69.23076923076923
ie,Sky.Action.ie,Sky Action,PlutoTV80sAction.de@GB,plutotv80saction,78.75
ie,Film4.HD.ie,Film4 HD,PlutoTVCultFilms.de@GB,plutotvcultfilms,72.0
ie,Sky.Sports.Main.Event.HD.ie,Sky Sports Main Event HD,SkySportsF1.ie@SD,skysportsf1,81.0
ie,Sky.Sports.Premier.League.HD.ie,Sky Sports Premier League HD,SkySportsF1.ie@SD,skysportsf1,81.0
ie,Sky.Sports.Cricket.HD.ie,Sky Sports Cricket HD,SkySportsF1.ie@SD,skysportsf1,66.66666666666667
ie,Sky.Sports.Golf.HD.ie,Sky Sports Golf HD,SkySportsF1.ie@SD,skysportsf1,83.33333333333334
ie,Sky.Sports.Action.HD.ie,Sky Sports Action HD,SkySportsF1.ie@SD,skysportsf1,69.23076923076923
ie,Sky.Sports.Plus.HD.ie,Sky Sports Plus HD,SkySportsF1.ie@SD,skysportsf1,75.0
ie,Sky.Sports.News.HD.ie,Sky Sports News HD,SkyNews.ie@SD,skynews,75.00000000000001
ie,Sky.Sports.Mix.HD.ie,Sky Sports Mix HD,SkySportsF1.ie@SD,skysportsf1,78.26086956521739
ie,Sky.Sports.Tennis.HD.ie,Sky Sports Tennis HD,SkySportsF1.ie@SD,skysportsf1,69.23076923076923
ie,Sky.Sports.Racing.HD.ie,Sky Sports Racing HD,SkySportsF1.ie@SD,skysportsf1,69.23076923076923
ie,TNT.Sports.1.HD.ie,TNT Sports 1 HD,SkySportsF1.ie@SD,skysportsf1,66.66666666666667
ie,Sky.Sports.Main.Event.ie,Sky Sports Main Event,SkySportsF1.ie@SD,skysportsf1,81.0
ie,Sky.Sports.Premier.League.ie,Sky Sports Premier League,SkySportsF1.ie@SD,skysportsf1,81.0
ie,Sky.Sports.Cricket.ie,Sky Sports Cricket,SkySportsF1.ie@SD,skysportsf1,66.66666666666667
ie,Sky.Sports.Golf.ie,Sky Sports Golf,SkySportsF1.ie@SD,skysportsf1,83.33333333333334
ie,Sky.Sports.Action.ie,Sky Sports Action,SkySportsF1.ie@SD,skysportsf1,69.23076923076923
ie,Sky.Sports.Plus.ie,Sky Sports Plus,SkySportsF1.ie@SD,skysportsf1,75.0
ie,Sky.Sports.News.ie,Sky Sports News,SkyNews.ie@SD,skynews,75.00000000000001
ie,Sky.Sports.Mix.ie,Sky Sports Mix,SkySportsF1.ie@SD,skysportsf1,78.26086956521739
ie,Sky.Sports.Tennis.ie,Sky Sports Tennis,SkySportsF1.ie@SD,skysportsf1,69.23076923076923
ie,TNT.Sports.1.ie,TNT Sports 1,SkySportsF1.ie@SD,skysportsf1,66.66666666666667
ie,Disc.Channel.+1.ie,Disc Channel +1,ChannelS.uk@SD,channels,78.75
ie,Channel.4.+1.ie,Channel 4 +1,ChannelS.uk@SD,channels,82.35294117647058
ie,Sky.Witness.+1.ie,Sky Witness +1,SkyNews.ie@SD,skynews,66.66666666666667
ie,More4+1.ie,More4+1,MoreTVCrime.de@GB,moretvcrime,80.0
ie,Comedy.+1.ie,Comedy +1,PlutoTVComedyMovies.de@GB,plutotvcomedymovies,77.14285714285715
ie,TRTE.ie,TRTE,BBCThreeCBBC.uk@HD,bbcthreecbbc,67.5
ie,Nick.Toons.ie,Nick Toons,Nickelodeon.uk@SD,nickelodeon,70.0
ie,MTV.ie,MTV,BETPlutoTV.de@GB,betplutotv,72.0
ie,More4.HD.ie,More4 HD,MoreTVCrime.de@GB,moretvcrime,80.0
ie,Sky.Witness.ie,Sky Witness,SkyNews.ie@SD,skynews,70.58823529411764
ie,Sky.Crime.ie,Sky Crime,PlutoTVAmericanTrueCrime.de@GB,plutotvamericantruecrime,69.23076923076923
ie,Sky.Arts.ie,Sky Arts,SkySportsF1.ie@SD,skysportsf1,66.66666666666667
ie,SKY.One.ie,SKY One,SkyNews.ie@SD,skynews,76.92307692307692
ie,Sky.History.ie,Sky History,SkyMix.uk@HD,skymix,65.45454545454547
ie,Sky.Sci-Fi.ie,Sky Sci-Fi,PlutoTVSciFi.de@GB,plutotvscifi,69.23076923076923
ie,DCTV.ie,DCTV,PlutoTVClassicTV.de@GB,plutotvclassictv,77.14285714285715
ie,CCTv.ie,CCTv,PlutoTVClassicTV.de@GB,plutotvclassictv,77.14285714285715
ie,EWTN.ie,EWTN,SabrinaTheTeenageWitch.de@GB,sabrinatheteenagewitch,67.5
ie,The.God.Channel.ie,The God Channel,ChannelS.uk@SD,channels,84.0
ie,TV5.ie,TV5,BETPlutoTV.de@GB,betplutotv,72.0
de,VOX.de,VOX,VolksmusikTV.de@SD,volksmusiktv,72.0
de,Servus.TV.Österreich.de,Servus TV Österreich,HSE.de@SD,hse,72.0
de,Tele.5.de,Tele 5,AdriaMusicTelevision.de@SD,adriamusictelevision,72.0
de,NITRO.de,NITRO,RFO.de@SD,rfo,72.0
de,ProSieben.MAXX.de,ProSieben MAXX,ProSieben.de@SD,prosieben,81.81818181818181
de,SWR/SR.de,SWR/SR,SRF.de@SD,srf,72.0
de,Nicktoons.de,Nicktoons,NickelodeonToons.de@DACH,nickelodeontoons,72.0
de,TLC.de,TLC,RTLSuper.de@HD,superrtl,72.0
de,Home.&.Garden.TV.de,Home & Garden TV,BadenTV.de@SD,badentv,77.14285714285715
de,Marco.Polo.TV.de,Marco Polo TV,MTV.de@SD,mtv,72.0
de,travelxp.4K.de,travelxp 4K,AutenticTravel.de@SD,autentictravel,77.14285714285715
de,Rocket.Beans.TV.de,Rocket Beans TV,MTV.de@SD,mtv,72.0
de,kabel.eins.Doku.de,kabel eins Doku,kabeleins.de@SD,kabeleins,81.81818181818181
de,Prime.HD.de,Prime HD,PlutoTVCrime.de@DACH,plutotvcrime,80.0
de,Bloomberg.Europe.TV.de,Bloomberg Europe TV,MTV.de@SD,mtv,72.0
de,CNBC.de,CNBC,OFTVOffenbach.de@SD,oftvoffenbach,67.5
de,France.24.(engl.).de,France 24 (engl.),RAN1.de@SD,ran1,67.5
de,France.24.(franz.).de,France 24 (franz.),RAN1.de@SD,ran1,67.5
de,NHK.World.TV.de,NHK World TV,MTV.de@SD,mtv,72.0
de,Channel21.de,Channel21,HopeChannelGerman.de@SD,hopechannelgerman,70.00000000000001
de,tv.berlin.de,tv.berlin,MTV.de@SD,mtv,72.0
de,ATV.II.de,ATV II,SophiaTV.de@SD,sophiatv,67.5
de,BBC.Two.de,BBC Two,BBCTravel.us@Germany,bbctravel,72.0
de,Canal+.de,Canal+,teltOwkanal.de@SD,teltowkanal,80.0
de,Canale.5.de,Canale 5,teltOwkanal.de@SD,teltowkanal,65.45454545454547
de,ORF.1.de,ORF 1,WDRFernsehen.de@Dusseldorf,wdrfernsehendsseldorf,77.14285714285715
de,ORF.2.de,ORF 2,WDRFernsehen.de@Dusseldorf,wdrfernsehendsseldorf,77.14285714285715
de,oe24.TV.de,oe24.TV,MTV.de@SD,mtv,72.0
de,PULS.4.de,PULS 4,BibelTVImpuls.de@SD,bibeltvimpuls,80.0
de,DR2.de,DR2,DrakeJosh.de@DACH,drakejosh,72.0
de,TV2.de,TV2,123tv.de@SD,123tv,72.0
de,TV5.Monde.de,TV5 Monde,MTV.de@SD,mtv,72.0
de,Euro.D.de,Euro D,OKWernigerode.de@SD,okwernigerode,72.0
de,France.2.de,France 2,FrankenFernsehen.de@SD,frankenfernsehen,69.23076923076923
de,France.3.de,France 3,FrankenFernsehen.de@SD,frankenfernsehen,69.23076923076923
de,France.4.de,France 4,FrankenFernsehen.de@SD,frankenfernsehen,69.23076923076923
de,France.5.de,France 5,FrankenFernsehen.de@SD,frankenfernsehen,69.23076923076923
de,Sky.Cinema.Premiere.HD.de,Sky Cinema Premiere HD,arte.de@SD,arte,67.5
de,Sky.Crime.de,Sky Crime,PlutoTVCrime.de@DACH,plutotvcrime,69.23076923076923
de,Sky.Documentaries.de,Sky Documentaries,arte.de@SD,arte,67.5
de,KinoweltTV.de,KinoweltTV,MTV.de@SD,mtv,72.0
de,Sky.One.de,Sky One,SonnenklarTV.de@SD,sonnenklartv,65.45454545454547
de,Sky.Atlantic.HD.de,Sky Atlantic HD,RiC.de@SD,ric,72.0
de,sky.showcase.de,sky showcase,HSE.de@SD,hse,72.0
de,Spiegel.Geschichte.de,Spiegel Geschichte,CuriosityChannel.de@SD,spiegeltv,78.75
de,Motorvision.TV.de,Motorvision TV,MTV.de@SD,mtv,72.0
de,Nat.Geo.HD.de,Nat Geo HD,arte.de@SD,arte,67.5
de,NAT.GEO.WILD.de,NAT GEO WILD,arte.de@SD,arte,67.5
de,13th.Street.Universal.de,13th Street Universal,123tv.de@SD,123tv,67.5
de,Romance.TV.de,Romance TV,PlutoTVRomance.de@DACH,plutotvromance,78.75
de,Heimatkanal.de,Heimatkanal,HSE.de@SD,hse,72.0
de,Classica.de,Classica,BIGBROTHERCLASSIC.de@DACH,bigbrotherclassic,84.0
de,Adult.Channel.de,Adult Channel,LightChannel.de@SD,lightchannel,75.0
de,Animal.Planet.de,Animal Planet,AnixePlus.de@SD,anixe,67.5
de,Fashion.TV.de,Fashion TV,MTV.de@SD,mtv,72.0
de,GEO.Television.de,GEO Television,AdriaMusicTelevision.de@SD,adriamusictelevision,78.26086956521739
de,Gute.Laune.TV.de,Gute Laune TV,MTV.de@SD,mtv,72.0
de,Nautical.Channel.de,Nautical Channel,Naruto.us@Germany,naruto,72.0
de,Playboy.TV.de,Playboy TV,MTV.de@SD,mtv,72.0
de,SAT.1.emotions.de,SAT.1 emotions,3sat.de@SD,3sat,77.14285714285715
de,Trace.TV.de,Trace TV,MTV.de@SD,mtv,72.0
de,DAZN.1.de,DAZN 1,DAZNDartsxPlutoTV.de@DACH,dazndartsxplutotv,80.0
de,DAZN.2.de,DAZN 2,DAZNDartsxPlutoTV.de@DACH,dazndartsxplutotv,80.0
de,Sky.Showcase.HD.de,Sky Showcase HD,HSE.de@SD,hse,72.0
de,eoTV.de,eoTV,AristoTV.de@SD,aristotv,77.14285714285715
de,FUSSBALL.TV.1.de,FUSSBALL.TV 1,AllgauTV.de@SD,allgutv,69.23076923076923
de,FUSSBALL.TV.2.de,FUSSBALL.TV 2,AllgauTV.de@SD,allgutv,69.23076923076923
de,FUSSBALL.TV.3.de,FUSSBALL.TV 3,AllgauTV.de@SD,allgutv,69.23076923076923
de,Top.Serien.de,Top Serien,PlutoTVHorrorSerien.de@DACH,plutotvhorrorserien,74.11764705882352
de,tv-media.PULS.24.de,PULS 24,BibelTVImpuls.de@SD,bibeltvimpuls,72.0
de,DFB.Play.de,DFB Play,DMF.de@SD,dmf,72.0
de,Prime.de,Prime,PlutoTVCrime.de@DACH,plutotvcrime,80.0
